Epoch,Train Loss,Validation Loss
1,1.87382,0.58396
2,0.46677,0.45976
3,0.32406,0.48057
4,0.27361,0.55539
5,0.24153,0.51188
6,0.22168,0.56281
7,0.21086,0.53505
8,0.20035,0.56998
9,0.19437,0.59583
10,0.18695,0.58485
11,0.18185,0.65605
12,0.17765,0.58455
13,0.17289,0.66382
14,0.17167,0.64183
15,0.16750,0.65485
16,0.16447,0.72675
17,0.16218,0.63886
18,0.16171,0.67435
19,0.15876,0.64022
20,0.15666,0.61153
